{"count":1,"gauges":{"3DBall.CumulativeReward":{"count":56,"max":2.09999919,"min":0.100000165,"value":1.19999993,"weightedAverage":1.15644526}},"self":4.0682928,"total":9.957205,"children":{"AgentSendState":{"count":4947,"self":0.04011,"total":0.07372,"children":{"CollectObservations":{"count":1015,"self":0.0054259999999999994,"total":0.0054259999999999994,"children":null},"CollectDiscreteActionMasks":{"count":1015,"self":0.0018889999999999998,"total":0.0018889999999999998,"children":null},"AgentInfo.ToProto":{"count":1015,"self":0.011104,"total":0.026295,"children":{"GenerateSensorData":{"count":1015,"self":0.015191,"total":0.015191,"children":null}}}}},"DecideAction":{"count":4947,"self":5.780098,"total":5.780098,"children":null},"AgentAct":{"count":4947,"self":0.032388,"total":0.034036,"children":{"AgentInfo.ToProto":{"count":56,"self":0.000908,"total":0.001648,"children":{"GenerateSensorData":{"count":56,"self":0.00074,"total":0.00074,"children":null}}}}}}}