{"count":1,"gauges":{"3DBall.CumulativeReward":{"count":946,"max":38.99996,"min":1.41561031E-07,"value":1.49999964,"weightedAverage":2.62877512}},"self":185.73876479999998,"total":429.830767,"children":{"AgentSendState":{"count":195609,"self":1.632339,"total":2.810877,"children":{"CollectObservations":{"count":39544,"self":0.20868299999999998,"total":0.20868299999999998,"children":null},"CollectDiscreteActionMasks":{"count":39544,"self":0.081375,"total":0.081375,"children":null},"AgentInfo.ToProto":{"count":39544,"self":0.40257699999999996,"total":0.88847999999999994,"children":{"GenerateSensorData":{"count":39544,"self":0.485903,"total":0.485903,"children":null}}}}},"DecideAction":{"count":195609,"self":239.9551488,"total":239.955152,"children":null},"AgentAct":{"count":195609,"self":1.304938,"total":1.324586,"children":{"AgentInfo.ToProto":{"count":946,"self":0.008221,"total":0.019648,"children":{"GenerateSensorData":{"count":946,"self":0.011427,"total":0.011427,"children":null}}}}}}}