{"count":1,"gauges":{"3DBall.CumulativeReward":{"count":10,"max":12.9000168,"min":4.499997,"value":10.1000061,"weightedAverage":8.944693}},"self":4.6028,"total":20.5062648,"children":{"AgentSendState":{"count":946,"self":0.0694316,"total":0.143373,"children":{"CollectObservations":{"count":936,"self":0.010001999999999999,"total":0.010001999999999999,"children":null},"CollectDiscreteActionMasks":{"count":936,"self":0.0009976,"total":0.0009976,"children":null},"AgentInfo.ToProto":{"count":936,"self":0.02097,"total":0.062941799999999992,"children":{"GenerateSensorData":{"count":936,"self":0.0419718,"total":0.0419718,"children":null}}}}},"DecideAction":{"count":946,"self":15.722123199999999,"total":15.7221233,"children":null},"AgentAct":{"count":946,"self":0.019979999999999998,"total":0.019979999999999998,"children":null},"AgentInfo.ToProto":{"count":10,"self":0,"total":0.0010004,"children":{"GenerateSensorData":{"count":10,"self":0.0010004,"total":0.0010004,"children":null}}}}}