{"count":1,"gauges":{},"self":4.6644296,"total":5.6247804,"children":{"AgentSendState":{"count":230,"self":0.021994899999999998,"total":0.0259905,"children":{"CollectObservations":{"count":230,"self":0.0039956,"total":0.0039956,"children":null},"CollectDiscreteActionMasks":{"count":230,"self":0,"total":0,"children":null}}},"DecideAction":{"count":230,"self":0.92935799999999991,"total":0.92935799999999991,"children":null},"AgentAct":{"count":230,"self":0.0030033,"total":0.0030033,"children":null}}}