{"count":1,"gauges":{"GridWorld.CumulativeReward":{"count":999,"max":0.99,"min":-1.9999994,"value":0.6200001,"weightedAverage":-0.45850724}},"self":33.460793599999995,"total":1294.076091,"children":{"AgentSendState":{"count":30804,"self":0.59502599999999994,"total":61.460556,"children":{"CollectObservations":{"count":30803,"self":0.082687,"total":0.082687,"children":null},"CollectDiscreteActionMasks":{"count":30803,"self":0.224731,"total":0.224731,"children":null},"AgentInfo.ToProto":{"count":30803,"self":0.335625,"total":60.558111999999994,"children":{"GenerateSensorData":{"count":30803,"self":0.612881,"total":60.222486999999994,"children":{"RenderTextureSensor.GetCompressedObservation":{"count":30803,"self":59.6096064,"total":59.609606,"children":null}}}}}}},"DecideAction":{"count":30804,"self":1196.9101824,"total":1196.910189,"children":null},"AgentAct":{"count":30804,"self":0.90940599999999994,"total":2.2432469999999998,"children":{"AgentInfo.ToProto":{"count":999,"self":0.008374,"total":1.3338409999999998,"children":{"GenerateSensorData":{"count":999,"self":0.016815,"total":1.325467,"children":{"RenderTextureSensor.GetCompressedObservation":{"count":999,"self":1.308652,"total":1.308652,"children":null}}}}}}}}}